source_file,page,table_count,row_count
Bi-Annual Energy & Petroleum Statistics Report 2024_2025.pdf,9,1,1
Bi-Annual Energy & Petroleum Statistics Report 2024_2025.pdf,10,1,1
Bi-Annual Energy & Petroleum Statistics Report 2024_2025.pdf,13,1,11
Bi-Annual Energy & Petroleum Statistics Report 2024_2025.pdf,14,3,2
Bi-Annual Energy & Petroleum Statistics Report 2024_2025.pdf,16,2,2
Bi-Annual Energy & Petroleum Statistics Report 2024_2025.pdf,17,1,7
Bi-Annual Energy & Petroleum Statistics Report 2024_2025.pdf,19,2,28
Bi-Annual Energy & Petroleum Statistics Report 2024_2025.pdf,20,2,39
Bi-Annual Energy & Petroleum Statistics Report 2024_2025.pdf,21,1,4
Bi-Annual Energy & Petroleum Statistics Report 2024_2025.pdf,22,1,1
Bi-Annual Energy & Petroleum Statistics Report 2024_2025.pdf,23,2,3
Bi-Annual Energy & Petroleum Statistics Report 2024_2025.pdf,24,1,8
Bi-Annual Energy & Petroleum Statistics Report 2024_2025.pdf,25,2,16
Bi-Annual Energy & Petroleum Statistics Report 2024_2025.pdf,26,1,17
Bi-Annual Energy & Petroleum Statistics Report 2024_2025.pdf,27,2,6
Bi-Annual Energy & Petroleum Statistics Report 2024_2025.pdf,28,1,7
Bi-Annual Energy & Petroleum Statistics Report 2024_2025.pdf,29,1,11
Bi-Annual Energy & Petroleum Statistics Report 2024_2025.pdf,30,1,8
Bi-Annual Energy & Petroleum Statistics Report 2024_2025.pdf,31,1,1
Bi-Annual Energy & Petroleum Statistics Report 2024_2025.pdf,32,2,2
Bi-Annual Energy & Petroleum Statistics Report 2024_2025.pdf,33,2,1
Bi-Annual Energy & Petroleum Statistics Report 2024_2025.pdf,35,2,1
Bi-Annual Energy & Petroleum Statistics Report 2024_2025.pdf,36,2,2
Bi-Annual Energy & Petroleum Statistics Report 2024_2025.pdf,43,1,1
Bi-Annual Energy & Petroleum Statistics Report 2024_2025.pdf,44,2,23
Bi-Annual Energy & Petroleum Statistics Report 2024_2025.pdf,46,1,25
Bi-Annual Energy & Petroleum Statistics Report 2024_2025.pdf,47,4,21
Bi-Annual Energy & Petroleum Statistics Report 2024_2025.pdf,48,1,8
Bi-Annual Energy & Petroleum Statistics Report 2024_2025.pdf,49,1,8
Bi-Annual Energy & Petroleum Statistics Report 2024_2025.pdf,50,1,1
Biannual Statistics Report 2025-2026.pdf,7,1,2
Biannual Statistics Report 2025-2026.pdf,8,1,2
Biannual Statistics Report 2025-2026.pdf,11,4,11
Biannual Statistics Report 2025-2026.pdf,12,1,1
Biannual Statistics Report 2025-2026.pdf,14,1,2
Biannual Statistics Report 2025-2026.pdf,16,2,1
Biannual Statistics Report 2025-2026.pdf,17,1,2
Biannual Statistics Report 2025-2026.pdf,18,2,5
Biannual Statistics Report 2025-2026.pdf,20,1,17
Biannual Statistics Report 2025-2026.pdf,21,1,17
Biannual Statistics Report 2025-2026.pdf,23,2,12
Biannual Statistics Report 2025-2026.pdf,24,1,17
Biannual Statistics Report 2025-2026.pdf,26,4,8
Biannual Statistics Report 2025-2026.pdf,27,2,3
Biannual Statistics Report 2025-2026.pdf,28,1,1
Biannual Statistics Report 2025-2026.pdf,29,1,1
Biannual Statistics Report 2025-2026.pdf,30,1,3
Biannual Statistics Report 2025-2026.pdf,32,2,3
Biannual Statistics Report 2025-2026.pdf,33,4,6
Biannual Statistics Report 2025-2026.pdf,37,2,2
Biannual Statistics Report 2025-2026.pdf,39,2,3
Biannual Statistics Report 2025-2026.pdf,40,4,9
Biannual Statistics Report 2025-2026.pdf,41,1,17
Biannual Statistics Report 2025-2026.pdf,42,4,26
Biannual Statistics Report 2025-2026.pdf,43,2,29
Biannual Statistics Report 2025-2026.pdf,44,4,20
Biannual Statistics Report 2025-2026.pdf,45,1,8
Biannual Statistics Report 2025-2026.pdf,46,1,8
Biannual Statistics Report 2025-2026.pdf,48,1,1
EPRA Energy and Petroleum Statistics Report FY 2023-2024_2.pdf,12,1,11
EPRA Energy and Petroleum Statistics Report FY 2023-2024_2.pdf,13,1,1
EPRA Energy and Petroleum Statistics Report FY 2023-2024_2.pdf,15,2,8
EPRA Energy and Petroleum Statistics Report FY 2023-2024_2.pdf,16,2,3
EPRA Energy and Petroleum Statistics Report FY 2023-2024_2.pdf,17,2,20
EPRA Energy and Petroleum Statistics Report FY 2023-2024_2.pdf,18,2,15
EPRA Energy and Petroleum Statistics Report FY 2023-2024_2.pdf,19,2,1
EPRA Energy and Petroleum Statistics Report FY 2023-2024_2.pdf,20,1,16
EPRA Energy and Petroleum Statistics Report FY 2023-2024_2.pdf,21,1,13
EPRA Energy and Petroleum Statistics Report FY 2023-2024_2.pdf,22,2,25
EPRA Energy and Petroleum Statistics Report FY 2023-2024_2.pdf,23,1,29
EPRA Energy and Petroleum Statistics Report FY 2023-2024_2.pdf,25,3,14
EPRA Energy and Petroleum Statistics Report FY 2023-2024_2.pdf,26,1,6
EPRA Energy and Petroleum Statistics Report FY 2023-2024_2.pdf,27,1,8
EPRA Energy and Petroleum Statistics Report FY 2023-2024_2.pdf,30,1,1
EPRA Energy and Petroleum Statistics Report FY 2023-2024_2.pdf,33,1,19
EPRA Energy and Petroleum Statistics Report FY 2023-2024_2.pdf,34,1,23
EPRA Energy and Petroleum Statistics Report FY 2023-2024_2.pdf,36,2,1
EPRA Energy and Petroleum Statistics Report FY 2023-2024_2.pdf,39,1,2
EPRA Energy and Petroleum Statistics Report FY 2023-2024_2.pdf,40,1,2
EPRA Energy and Petroleum Statistics Report FY 2023-2024_2.pdf,42,3,16
EPRA Energy and Petroleum Statistics Report FY 2023-2024_2.pdf,43,2,2
EPRA Energy and Petroleum Statistics Report FY 2023-2024_2.pdf,44,3,7
EPRA Energy and Petroleum Statistics Report FY 2023-2024_2.pdf,45,2,14
EPRA Energy and Petroleum Statistics Report FY 2023-2024_2.pdf,46,1,30
EPRA Energy and Petroleum Statistics Report FY 2023-2024_2.pdf,47,1,1
EPRA Energy and Petroleum Statistics Report FY 2023-2024_2.pdf,48,3,25
EPRA Energy and Petroleum Statistics Report FY 2023-2024_2.pdf,49,1,2
EPRA Energy and Petroleum Statistics Report FY 2023-2024_2.pdf,51,1,1
EPRA Energy and Petroleum Statistics Report FY 2023-2024_2.pdf,53,2,34
EPRA Energy and Petroleum Statistics Report FY 2023-2024_2.pdf,54,2,14
EPRA Energy and Petroleum Statistics Report FY 2023-2024_2.pdf,56,1,4
EPRA Energy and Petroleum Statistics Report FY 2023-2024_2.pdf,57,2,11
EPRA Statistics Report - January - December 2023.pdf,1,1,1
EPRA Statistics Report - January - December 2023.pdf,2,1,1
EPRA Statistics Report - January - December 2023.pdf,11,1,11
EPRA Statistics Report - January - December 2023.pdf,12,2,10
EPRA Statistics Report - January - December 2023.pdf,13,1,8
EPRA Statistics Report - January - December 2023.pdf,14,1,7
EPRA Statistics Report - January - December 2023.pdf,15,1,1
EPRA Statistics Report - January - December 2023.pdf,16,2,19
EPRA Statistics Report - January - December 2023.pdf,18,2,6
EPRA Statistics Report - January - December 2023.pdf,19,2,20
EPRA Statistics Report - January - December 2023.pdf,21,1,8
EPRA Statistics Report - January - December 2023.pdf,22,3,1
EPRA Statistics Report - January - December 2023.pdf,24,1,1
EPRA Statistics Report - January - December 2023.pdf,25,2,2
EPRA Statistics Report - January - December 2023.pdf,26,2,12
EPRA Statistics Report - January - December 2023.pdf,29,1,1
EPRA Statistics Report - January - December 2023.pdf,30,1,8
EPRA Statistics Report - January - December 2023.pdf,31,1,6
EPRA Statistics Report - January - December 2023.pdf,33,2,5
EPRA Statistics Report - January - December 2023.pdf,34,3,7
EPRA Statistics Report - January - December 2023.pdf,35,2,9
EPRA Statistics Report - January - December 2023.pdf,36,2,17
EPRA Statistics Report - January - December 2023.pdf,38,2,10
EPRA Statistics Report - January - December 2023.pdf,39,1,22
EPRA Statistics Report - January - December 2023.pdf,40,1,25
EPRA Statistics Report - January - December 2023.pdf,41,3,26
EPRA Statistics Report - January - December 2023.pdf,42,2,16
EPRA Statistics Report - January - December 2023.pdf,45,1,2
Energy  Petroleum Statistics Report-2021.pdf,1,1,2
Energy  Petroleum Statistics Report-2021.pdf,2,2,2
Energy  Petroleum Statistics Report-2021.pdf,3,1,1
Energy  Petroleum Statistics Report-2021.pdf,4,1,1
Energy  Petroleum Statistics Report-2021.pdf,5,1,1
Energy  Petroleum Statistics Report-2021.pdf,6,1,1
Energy  Petroleum Statistics Report-2021.pdf,7,1,1
Energy  Petroleum Statistics Report-2021.pdf,8,3,2
Energy  Petroleum Statistics Report-2021.pdf,9,1,1
Energy  Petroleum Statistics Report-2021.pdf,10,2,15
Energy  Petroleum Statistics Report-2021.pdf,11,2,1
Energy  Petroleum Statistics Report-2021.pdf,12,3,11
Energy  Petroleum Statistics Report-2021.pdf,13,2,1
Energy  Petroleum Statistics Report-2021.pdf,14,2,2
Energy  Petroleum Statistics Report-2021.pdf,15,2,4
Energy  Petroleum Statistics Report-2021.pdf,16,6,4
Energy  Petroleum Statistics Report-2021.pdf,17,3,23
Energy  Petroleum Statistics Report-2021.pdf,18,2,12
Energy  Petroleum Statistics Report-2021.pdf,19,3,9
Energy  Petroleum Statistics Report-2021.pdf,20,6,34
Energy  Petroleum Statistics Report-2021.pdf,21,1,1
Energy  Petroleum Statistics Report-2021.pdf,22,1,1
Energy  Petroleum Statistics Report-2021.pdf,23,2,1
Energy  Petroleum Statistics Report-2021.pdf,24,3,2
Energy  Petroleum Statistics Report-2021.pdf,25,2,16
Energy  Petroleum Statistics Report-2021.pdf,26,2,21
Energy  Petroleum Statistics Report-2021.pdf,27,1,1
Energy  Petroleum Statistics Report-2021.pdf,28,2,1
Energy  Petroleum Statistics Report-2021.pdf,29,1,1
Energy  Petroleum Statistics Report-2021.pdf,30,1,1
Energy  Petroleum Statistics Report-2021.pdf,31,1,1
Energy  Petroleum Statistics Report-2021.pdf,32,1,1
Energy  Petroleum Statistics Report-2021.pdf,33,1,1
Energy  Petroleum Statistics Report-2021.pdf,34,1,1
Energy  Petroleum Statistics Report-2021.pdf,35,1,1
Energy  Petroleum Statistics Report-2021.pdf,36,2,14
Energy  Petroleum Statistics Report-2021.pdf,37,1,1
Energy  Petroleum Statistics Report-2021.pdf,38,4,21
Energy  Petroleum Statistics Report-2021.pdf,39,1,1
Energy  Petroleum Statistics Report-2021.pdf,40,2,9
Energy  Petroleum Statistics Report-2021.pdf,41,2,9
Energy  Petroleum Statistics Report-2021.pdf,42,2,7
Energy  Petroleum Statistics Report-2021.pdf,43,2,11
Energy  Petroleum Statistics Report-2021.pdf,44,2,9
Energy  Petroleum Statistics Report-2021.pdf,45,2,7
Energy  Petroleum Statistics Report-2021.pdf,46,2,7
Energy  Petroleum Statistics Report-2021.pdf,47,2,11
Energy  Petroleum Statistics Report-2021.pdf,48,2,5
Energy  Petroleum Statistics Report-2021.pdf,49,3,76
Energy  Petroleum Statistics Report-2021.pdf,50,3,17
Energy  Petroleum Statistics Report-2021.pdf,51,2,40
Energy  Petroleum Statistics Report-2021.pdf,52,2,31
Energy  Petroleum Statistics Report-2021.pdf,53,2,23
Energy  Petroleum Statistics Report-2021.pdf,54,2,10
Energy  Petroleum Statistics Report-2021.pdf,55,2,26
Energy  Petroleum Statistics Report-2021.pdf,56,2,11
Energy  Petroleum Statistics Report-2021.pdf,57,2,64
Energy  Petroleum Statistics Report-2021.pdf,58,1,2
Energy Statistics Report 2020.pdf,1,1,2
Energy Statistics Report 2020.pdf,2,2,2
Energy Statistics Report 2020.pdf,3,1,1
Energy Statistics Report 2020.pdf,4,1,1
Energy Statistics Report 2020.pdf,5,1,1
Energy Statistics Report 2020.pdf,6,1,1
Energy Statistics Report 2020.pdf,7,1,1
Energy Statistics Report 2020.pdf,8,1,1
Energy Statistics Report 2020.pdf,9,1,1
Energy Statistics Report 2020.pdf,10,2,10
Energy Statistics Report 2020.pdf,11,1,1
Energy Statistics Report 2020.pdf,12,1,1
Energy Statistics Report 2020.pdf,13,1,1
Energy Statistics Report 2020.pdf,14,1,1
Energy Statistics Report 2020.pdf,15,1,1
Energy Statistics Report 2020.pdf,16,1,1
Energy Statistics Report 2020.pdf,17,3,24
Energy Statistics Report 2020.pdf,18,1,1
Energy Statistics Report 2020.pdf,19,5,28
Energy Statistics Report 2020.pdf,20,1,1
Energy Statistics Report 2020.pdf,21,3,20
Energy Statistics Report 2020.pdf,22,2,14
Energy Statistics Report 2020.pdf,23,1,1
Energy Statistics Report 2020.pdf,24,2,13
Energy Statistics Report 2020.pdf,25,1,1
Energy Statistics Report 2020.pdf,26,2,12
Energy Statistics Report 2020.pdf,27,2,10
Energy Statistics Report 2020.pdf,28,1,1
Energy Statistics Report 2020.pdf,29,2,11
Energy Statistics Report 2020.pdf,30,1,1
Energy Statistics Report 2020.pdf,31,1,1
Energy Statistics Report 2020.pdf,32,2,37
Energy Statistics Report 2020.pdf,33,2,40
Energy Statistics Report 2020.pdf,34,1,1
Energy Statistics Report 2020.pdf,35,2,4
Energy Statistics Report 2020.pdf,36,2,5
Energy Statistics Report 2020.pdf,37,1,1
Energy Statistics Report 2020.pdf,38,1,1
Energy Statistics Report 2020.pdf,39,1,1
Energy Statistics Report 2020.pdf,40,1,1
Energy Statistics Report 2020.pdf,41,1,1
Energy Statistics Report 2020.pdf,42,2,5
Energy Statistics Report 2020.pdf,43,1,1
Energy Statistics Report 2020.pdf,44,2,25
Energy Statistics Report 2020.pdf,45,2,27
Energy Statistics Report 2020.pdf,46,1,1
Energy Statistics Report 2020.pdf,47,1,2
Energy Statistics Report 2020.pdf,48,1,2
Energy Statistics Report 2020.pdf,49,2,11
Energy Statistics Report 2020.pdf,50,2,9
Energy Statistics Report 2020.pdf,51,2,7
Energy Statistics Report 2020.pdf,52,2,11
Energy Statistics Report 2020.pdf,53,2,7
Energy Statistics Report 2020.pdf,54,2,9
Energy Statistics Report 2020.pdf,55,2,9
Energy Statistics Report 2020.pdf,56,2,9
Energy Statistics Report 2020.pdf,57,2,3
Energy Statistics Report 2020.pdf,58,2,1
Energy Statistics Report 2020.pdf,59,2,36
Energy Statistics Report 2020.pdf,60,2,37
Energy Statistics Report 2020.pdf,61,2,16
Energy Statistics Report 2020.pdf,62,2,37
Energy Statistics Report 2020.pdf,63,2,39
Energy Statistics Report 2020.pdf,64,2,20
Energy Statistics Report 2020.pdf,65,2,13
Energy Statistics Report 2020.pdf,66,2,4
Energy Statistics Report 2020.pdf,67,2,18
Energy Statistics Report 2020.pdf,68,2,8
Energy Statistics Report 2020.pdf,69,2,64
Energy Statistics Report 2020.pdf,70,1,2
Energy and Petroleum Stats Report 2022.pdf,2,2,4
Energy and Petroleum Stats Report 2022.pdf,6,1,1
Energy and Petroleum Stats Report 2022.pdf,9,1,4
Energy and Petroleum Stats Report 2022.pdf,10,1,11
Energy and Petroleum Stats Report 2022.pdf,11,1,9
Energy and Petroleum Stats Report 2022.pdf,12,1,6
Energy and Petroleum Stats Report 2022.pdf,13,1,14
Energy and Petroleum Stats Report 2022.pdf,14,1,8
Energy and Petroleum Stats Report 2022.pdf,15,1,16
Energy and Petroleum Stats Report 2022.pdf,16,1,16
Energy and Petroleum Stats Report 2022.pdf,18,1,13
Energy and Petroleum Stats Report 2022.pdf,19,2,1
Energy and Petroleum Stats Report 2022.pdf,20,1,10
Energy and Petroleum Stats Report 2022.pdf,21,1,6
Energy and Petroleum Stats Report 2022.pdf,22,2,4
Energy and Petroleum Stats Report 2022.pdf,23,2,28
Energy and Petroleum Stats Report 2022.pdf,24,2,16
Energy and Petroleum Stats Report 2022.pdf,25,1,7
Energy and Petroleum Stats Report 2022.pdf,26,1,8
Energy and Petroleum Stats Report 2022.pdf,32,1,12
Energy and Petroleum Stats Report 2022.pdf,33,1,6
Energy and Petroleum Stats Report 2022.pdf,35,3,16
Energy and Petroleum Stats Report 2022.pdf,37,3,10
Energy and Petroleum Stats Report 2022.pdf,38,2,17
Energy and Petroleum Stats Report 2022.pdf,39,2,17
Energy and Petroleum Stats Report 2022.pdf,40,2,3
Energy and Petroleum Stats Report 2022.pdf,41,1,3
Energy and Petroleum Stats Report 2022.pdf,42,1,22
Energy and Petroleum Stats Report 2022.pdf,43,3,12
Energy and Petroleum Stats Report 2022.pdf,47,1,24
Energy and Petroleum Stats Report 2022.pdf,48,3,24
Energy and Petroleum Stats Report 2022.pdf,49,2,7
Energy and Petroleum Stats Report 2022.pdf,51,1,18
Energy and Petroleum Stats Report 2022.pdf,53,2,31
Energy and Petroleum Stats Report 2022.pdf,54,1,40
Energy and Petroleum Stats Report 2022.pdf,55,1,31
Energy and Petroleum Stats Report 2022.pdf,58,1,1
Statistics-Report-June-2025-Web.pdf,4,1,2
Statistics-Report-June-2025-Web.pdf,12,2,2
Statistics-Report-June-2025-Web.pdf,13,1,11
Statistics-Report-June-2025-Web.pdf,14,2,2
Statistics-Report-June-2025-Web.pdf,17,2,3
Statistics-Report-June-2025-Web.pdf,18,1,7
Statistics-Report-June-2025-Web.pdf,19,2,12
Statistics-Report-June-2025-Web.pdf,20,1,1
Statistics-Report-June-2025-Web.pdf,21,1,1
Statistics-Report-June-2025-Web.pdf,23,1,3
Statistics-Report-June-2025-Web.pdf,24,3,2
Statistics-Report-June-2025-Web.pdf,25,3,7
Statistics-Report-June-2025-Web.pdf,27,2,28
Statistics-Report-June-2025-Web.pdf,29,2,25
Statistics-Report-June-2025-Web.pdf,30,2,12
Statistics-Report-June-2025-Web.pdf,31,1,20
Statistics-Report-June-2025-Web.pdf,33,2,10
Statistics-Report-June-2025-Web.pdf,34,1,8
Statistics-Report-June-2025-Web.pdf,35,1,8
Statistics-Report-June-2025-Web.pdf,36,1,11
Statistics-Report-June-2025-Web.pdf,37,1,8
Statistics-Report-June-2025-Web.pdf,38,1,1
Statistics-Report-June-2025-Web.pdf,39,2,2
Statistics-Report-June-2025-Web.pdf,40,1,2
Statistics-Report-June-2025-Web.pdf,50,2,10
Statistics-Report-June-2025-Web.pdf,52,1,11
Statistics-Report-June-2025-Web.pdf,55,2,11
Statistics-Report-June-2025-Web.pdf,56,1,7
Statistics-Report-June-2025-Web.pdf,57,3,14
Statistics-Report-June-2025-Web.pdf,58,1,3
Statistics-Report-June-2025-Web.pdf,59,1,22
Statistics-Report-June-2025-Web.pdf,62,1,1
Statistics-Report-June-2025-Web.pdf,63,1,29
Statistics-Report-June-2025-Web.pdf,64,3,29
Statistics-Report-June-2025-Web.pdf,65,2,22
